{"input_size": 4, "hidden_size": 64, "output_size": 3, "W1": [[-0.5607509566170149, 0.6167944362996687, -0.15428467778437463, 0.1799255807145757, 0.15916184571079348, 0.6515147274905816, 0.014688322048897917, 0.1707076567283615, -0.79865378642759, -1.4103463949380497, 0.10561453941997247, 0.34053957825940145, 0.6231195572427032, -0.0632852154549943, 0.7182141312736129, -0.5429154087551064, 0.5433957317246124, -0.8476039780146152, -0.5001980218726652, 0.04175760703508931, 0.6859254242784377, 0.6107889312583036, -0.2946488105901902, 1.1897755172438336, 0.10147966526237848, -0.28630939463368155, 0.12151788467391442, 0.30353213544058033, 0.20855550266443604, -0.9412699945584946, 0.11129416552661325, -0.2842297196855447, 0.08465200119004578, -0.4472520100531724, -0.6899621828718853, 0.5856155641033068, 1.131223120755503, -0.6579833400872422, -1.0438217538732386, 0.22831216285431674, 0.583432631709782, -0.5267729313952019, -1.06439500017595, -0.01396020776759595, 0.0637986954875886, -0.11586110999316411, 1.0420136488479947, -0.1453232330439125, -1.0822992546030175, -0.9284066635612633, -0.4766505620647113, 1.296172965246252, 0.818345976806493, -0.6841352402328758, 0.07700281383051415, -0.40888366065677856, 0.44879158777209927, -1.211300768070101, -0.7191786346709726, 0.5901615100549038, 1.1847216228327533, -0.15822296122266785, 0.4649281659243942, 0.590687149446924], [-0.5839808789484945, -0.11910470637074869, 0.6660312608448403, -0.33357180838217704, 0.3923365297707549, -0.7183865749697882, -0.0091311524349096, -0.32848919456915743, -1.6107717711499285, 0.1985943564616643, 0.5979047096363155, 0.9397040745251304, 0.9841637072647225, -0.1517741164004811, -0.27856649737861894, 1.2276973300285106, -0.3368902393203362, 0.24299140030290312, 0.4364453666195052, -0.16146350956093522, -0.41366290010103396, -0.11134908443497847, -1.582058803979061, 1.0159645042398655, -1.2274575772437917, -0.5526951087511836, 0.5952618872634697, -0.017535592947459468, 0.39584142766828473, -1.3534999988718075, 1.2546027648138731, 0.05299303662433451, -0.9323485857630595, -0.40397245488650946, 0.7241553244119889, 0.39919294322718335, 2.0159745394093465, 0.21937708032649816, -0.7937720443653471, -0.567490471538395, 0.4356422265566945, 0.12926459945006216, 0.8700996660380246, -0.29988552893007026, -0.5572148260073299, 0.33028621769789396, -0.5919461066574669, -0.27390419820196477, -1.05582095698819, -0.25805341320746666, 1.0403654986530801, 0.09498499440734846, 1.6668136302420338, 0.3047913930699753, 1.0531773927417702, -0.13409007516274943, 0.8273481219939196, 0.9866081688986111, -0.8202575448414335, 1.16435965706542, 0.8690823820495417, -0.9692846924202861, -0.059517588414493804, 0.6323551794755786], [0.7166385388609272, -0.3947305963588467, 0.8235046220242331, 0.4831949193676449, -0.27993220181880696, 1.2233287192061009, 0.4850287932419161, -0.32749395619442256, -0.2930023048627845, -0.13440398997813094, 0.1224313513631017, -0.2670893499093301, 0.6355556613972583, 0.5560750593081427, 0.1379174661483541, 0.3750133540577842, 1.0832568136389458, -0.47096093021400476, 0.2578332992926956, -1.5006680602120586, 1.3853263095061845, -0.981705952187889, -1.2522954443274759, 0.26578879115346804, -0.9061018636872356, -0.7249463195730627, 0.5567290632296149, 0.7406330344630593, 1.2545898346070485, 0.6436470511529703, 1.0858257266337932, 1.03147469788967, 0.47962475929436904, 0.6154295163233652, -0.1256478919438504, 0.48340397491314346, 1.2472926479082587, 0.13270839583199154, -0.5459269768640453, -0.7826966962010843, 0.8681828706288031, -0.5718712260030245, -1.0611606267665283, -1.5441638913616575, 1.4037691403339854, -0.5118188964159992, -0.3794982097772003, -0.6029319255730594, 1.2917668870204564, 1.0863847780159124, 0.7024664190374805, 1.2081046603015122, 0.1292266464844855, -0.4659138338474343, 0.8407953693299199, 0.9608550775326979, 0.2940738352891704, 0.7916247279227288, 0.561424020515384, -0.8074012043148361, -0.1257299473160578, -0.03845269399213284, 0.269803894266637, -0.0681461055288597], [0.8519721581875603, -0.12500702174186376, -1.1973222694134198, -0.9002188321061851, -1.508504879820555, -0.19666058741236836, 1.2198838719250873, -0.8717510722478002, -0.40462777415807344, -0.8915904541146028, 1.6392631276707519, 0.11377768332601639, 1.7131238600128578, 0.5294813339970399, 0.26150322688430655, 0.13963875827803776, 0.10452917330901902, -0.2067573480901647, 0.6773800050285822, -0.5629693257827558, 0.6975200655357812, -0.4845360231539294, -0.5862343135421813, 0.4095287079214492, 0.7232943038448364, -1.2680637226877474, 0.17002282075297245, 1.250137895687426, -0.7947769535287772, -0.20868403390601786, 1.5456924004200077, 0.3027598416059904, 0.8158831717422478, -0.788289829090806, -0.041929124792331005, -0.11023312667850423, 0.8077810307314645, -1.0144718304234968, -0.8997696902524669, 0.24287587749717782, 1.3183096145326907, 0.07583166563595732, 0.39709391494223256, -0.8564616575941344, -0.7034091809280314, -1.1372362193015113, -0.38943689165001505, -0.12499640791269322, 0.044761114777759764, 1.0729184451254787, 0.1293467598509738, 1.3418646352441086, 2.133447747381465, -1.248458300356153, 0.3997509547211616, -1.008747151056287, 1.1806230627747991, -0.4467871948348791, -0.35031266794949156, -0.2589600022499317, 0.11759450755087533, -0.6179781578687438, -0.07263954630252065, -1.2341999172064007]], "b1": [[0.0073499993227173046, 0.0947575220485796, 0.9303139608926629, 0.6308248555950606, -0.032426990031395125, 0.15732436104629502, -0.026997494060236216, -0.537035319336456, -0.3641702945295328, 0.37212168918150484, 0.033184750654335654, 0.059327233531476634, -0.2979410146840441, -0.10335827237125815, -0.0037701140340717764, -0.11785660668436228, -0.03717193537005543, 0.8080863942052838, -0.2525462441826266, -0.34451263983697306, -0.010276782219056037, 0.19424449493136198, -1.5031244761408833, -0.13791986922409205, -0.18976309936889502, -0.52623836596046, 0.0069710160871957385, -0.14193989047125716, 0.18400986151035256, 0.04392835564819832, -0.010971039506136367, -0.09073971751324364, 0.21264395648895276, 1.923615938858314, 0.09946726198527095, -0.0006488810037783183, -0.16349787577566866, 0.3617462158238504, -0.6185428200339377, -0.5220785748662048, -0.15736940820096956, -0.07026640897491027, 0.19459484867045793, -0.9574373299201394, 0.10363769648392555, 0.3923815282026773, 0.9477400112262839, -0.44885739010863324, 0.8142478499797658, 0.036635114421195644, -0.18890957477343245, -0.15085356842291886, -0.24525853003093404, -0.08364228406965205, -0.28828920828744675, 0.5460114325236775, -0.24666529945276766, 0.32592961012214844, 0.6353934411161405, -0.1399955847189856, -0.05488104522633366, -0.49695369892474855, -0.05083671197510747, 0.7764717656796983]],