{"input_size": 4, "hidden_size": 64, "output_size": 3, "W1": [[-0.3388763865673407, 0.07689932699654328, 0.3644664298181852, -0.17080317835037723, 0.21886125429114633, 0.646953630984332, 0.35412157376718767, -1.022608322843986, 0.24332877964615218, 0.30845729217873324, 0.721530712445827, 1.136658013343992, -1.2276337706360818, 0.5611377230173691, 0.18642041681253801, -0.3941270288371253, -0.6519570365010454, 0.7976631169698113, 0.43336083345150495, 0.9114618024082465, 0.5455761558393595, 0.47809694303369893, 0.48667346798655087, -0.13194862404936078, 0.4401481358361025, -0.03533951949148388, 1.8633530042060114, 0.13518797531132407, 0.31194105505230124, -0.10796549151238843, -0.6907208866728214, -1.6864509900242015, -0.5385749770708027, 0.4287683046643964, -0.9313319717533639, 0.03004901943666164, -0.7741299005807045, 1.1342128746020501, -0.3806611691390902, 1.1179468557535905, 0.8889901272814361, 0.7801867337855974, -0.19906355838525963, 0.4261256866192688, -0.7665552577504511, -1.1852956656386515, -0.5307696566673001, 0.20792367921697033, -0.6224851899306412, 0.532523136758249, -1.0817203354014053, 0.6285430752891445, -1.2717372603272115, 0.38119281216711015, 0.6381526917844907, 0.5521899346624297, -0.5804350496825419, -1.1157797621525578, -0.18253186393435117, -0.040421944474324116, -0.9309044451070487, -0.016997870626124765, -0.7678970401049185, 1.0598847690357411], [-1.7527848990467982, -0.25284147032183885, 1.6072645286668423, 0.1480690262803886, 0.28277583558797875, 1.6449152995167715, -0.9441125609483234, 0.612810028366823, -0.4046481540813945, 0.4865068000695374, 0.7955957640498253, 0.6606296821714532, -1.5067648891596086, 0.47279342082433146, 0.5624568455705451, 1.2089025192828624, 0.4218696404100781, -0.6785015749647879, -0.24243016699441725, 0.7308297793922015, -0.26310000602873407, -0.27978193669578283, -0.2229714814187986, 0.7604280823830066, 0.661740361750307, 0.3464208203399889, -1.745903836630467, 1.7475649069564125, 0.7649569027917296, -1.4673481931335859, 0.46905136478468423, 0.009694583847459567, -0.1440861532070478, -0.16808847199671506, -1.5814313236843376, 1.1576609364659913, -1.536602851489768, -0.10013853810456083, -0.12888440871689982, -1.9138959405349707, 1.540284595462243, 0.785509674999259, -1.5185643396976412, -1.0810838725895906, 0.03288158757196824, -0.6176239835941099, 0.29777154616165286, 0.01027957955999226, 0.37558645373795047, -0.1016365044468229, -0.13029796185513828, -0.3666937665974526, 0.5966191494692523, -0.23238935596686255, 0.1424757981398447, 0.4554642010528402, -0.31450912299123934, -0.9959770532303364, -0.19909461088881178, -0.02947625017318902, -0.6134209708690707, -0.06617386516735502, -0.30102211202326623, 0.3682682674770995], [0.11552733744884697, 0.12058463913389718, 0.1345567427126038, 1.0503425678818983, 0.6428635214982819, -0.1228103204168208, -0.5063618406400618, 0.08458407713628283, 0.3450462910357672, 1.226410509924321, 0.12820050279587425, 0.36767941949537497, -1.947761125847402, 1.0302956648576362, -0.18520686296416325, -0.3098499581081353, 1.1306245822471503, 0.42232959942502485, -0.5733843379268235, 0.8059652127088245, -1.6540175781764377, -0.4936948266323204, -1.3994662664703816, -0.1312379629550988, 0.5457357178864314, -0.40364988687828185, -0.03920150731682981, 0.8288794351131031, 0.14386829612734117, -0.7638330125840385, -1.3650846238297567, -0.8849425894859106, -0.3491796149934193, 1.7939057216345062, 0.4861357264555923, -0.8281938252611046, 0.5304157207085507, 0.6946595771705394, -1.0833707231014098, -0.8274471559163007, -0.07352075751977125, 0.8023957747113263, -0.32294596391045843, 0.16370600755308595, -0.203714682305734, -1.0528260124447686, 0.18232621594504572, 0.0250968799463459, 1.061378457445737, 0.9721406574608987, -0.07611648682342663, 0.9642625019484191, -0.609308075464228, 0.45102707977137757, 1.0036895385599423, 0.688998675282865, -0.22422285952367021, -0.30130079525748044, -0.06972075246031804, -1.0738386357796297, 0.30766169993661696, -0.548946055725001, 0.5557701102875743, 0.009768598575555851], [0.3479254420357745, 0.6846662993828128, 0.8425113127698232, -0.8117811965727952, 0.7419493473113665, 0.5920163097430198, -0.6712727656673492, 0.22604570788534598, 0.30029146110380833, 1.6413148626530512, 0.4908118954978244, 0.19426851409341567, -1.381150671680519, 0.2079845651378047, -0.2222163430878341, 0.2720947059311588, 0.4472553480403131, 0.9418301092247392, 0.3886039477994638, 1.3409751334570579, -0.05127103845173182, 0.10923751037660384, 1.1195762373823046, -0.37549821738740374, -0.5992101648528948, -0.5094896504563803, -0.26766673652726086, 1.746924234260382, -1.2758674529215208, -1.0924405371877755, 0.9455002773300808, 0.518229775097315, 0.3506954202488817, 0.6139167938968468, -0.7907237911722417, -0.22053576961626384, -0.5575106473341072, -0.0695830686572313, 0.002551325395637757, -0.8006149755449466, 2.6724378888081524, 1.6168748333351197, 0.6735174539440902, 0.7524233485105625, 0.7436447067891013, -0.7357241184811061, 0.010926438704435252, -0.6497391067865469, -1.0987701615690677, -0.337951588693023, -0.334871392330014, -1.3962871325761057, 1.5055810773255676, -0.6567107964000878, -0.04428510407700066, 1.026151215211352, 1.0191451921792865, 0.29730920495546864, -0.6809105224622786, -1.1332908051266264, -0.37753785461002815, 1.0882873711674874, 0.20831237140339856, 0.45857980526411096]], "b1": [[-0.34314852957787967, -0.08273202504773343, -0.010466129772973532, 1.0115556920522464, -0.024840987676187132, -0.034813752855822874, 0.09514430640783289, 0.33016785716219876, -0.15043703201767714, -0.09585406698077041, -0.22526375490422232, -0.02771709751269896, -1.1575072384924459, -0.15452400223793622, 0.06172103406299781, 0.0444779374749344, -0.011807777743152077, 0.05653686296480026, -0.33684571462266905, -0.24898541203852445, -0.5889142026326748, 0.1381143554556436, 0.2672227626711332, 0.079539664579671, 0.2440271271015301, 0.17925359080935674, 0.7038218248924205, -0.20092508358231165, 1.215782974585002, -1.3029299770967397, -0.30776240345521066, -0.14411963942519948, -0.16619605935436657, -0.1802651952195239, 0.303286003484703, 0.45820984199619996, -0.036668212435510855, -0.16280774764330314, -0.3681825277793113, -0.5690398179286505, -0.08500565328418518, -0.26198738898666285, -0.4893211917411039, 0.08159868411454371, 0.2613952244636161, 0.03628771356465944, 0.15329586070964107, -0.22816963254191872, 1.0490698006271688, 0.0441134519523571, 0.8300406401218231, 1.0272553423599482, -0.07444575579097965, 0.4231806977224453, -0.022868133897570267, -0.32415191060931775, 0.6460257026788249, -0.04930473421959558, 0.967481333725192, -0.5376715464703252, 1.2915872948093445, -0.167566580228523, 0.8327694375437722, -0.3184173228945652]],